{
  "01": {
    "observed": {
      "alpha": -1.687046326794897,
      "beta": -0.36281250000000015,
      "radius": 1.2817169732672942,
      "target": {
        "x": 0,
        "y": 0,
        "z": 0
      }
    },
    "imagined_first": {
      "alpha": -1.687046326794897,
      "beta": -0.36281250000000015,
      "radius": 1.2817169732672942,
      "target": {
        "x": 0,
        "y": 0,
        "z": 0
      }
    },
    "imagined_future": {
      "alpha": -1.687046326794897,
      "beta": -0.36281250000000015,
      "radius": 1.2817169732672942,
      "target": {
        "x": 0,
        "y": 0,
        "z": 0
      }
    }
  },
  "02": {
    "observed": {
      "alpha": -1.5707963267948966,
      "beta": -0.5676875000000003,
      "radius": 0.7552952116214735,
      "target": {
        "x": 0,
        "y": 0,
        "z": 0
      }
    },
    "imagined_first": {
      "alpha": -1.6870463267948965,
      "beta": -0.3721250000000017,
      "radius": 1.0862185954171677,
      "target": {
        "x": 0,
        "y": 0,
        "z": 0
      }
    },
    "imagined_future": {
      "alpha": -1.5707963267948966,
      "beta": -0.5676875000000003,
      "radius": 0.7552952116214735,
      "target": {
        "x": 0,
        "y": 0,
        "z": 0
      }
    }
  },
  "03": {
    "observed": {
      "alpha": -1.5872963267949007,
      "beta": -0.46818750000000114,
      "radius": 0.16,
      "target": {
        "x": -0.887187138019026,
        "y": 0.39119773061463303,
        "z": 0.05780867423922285
      }
    },
    "imagined_first": {
      "alpha": -1.5872963267949007,
      "beta": -0.46818750000000114,
      "radius": 0.16,
      "target": {
        "x": -0.887187138019026,
        "y": 0.39119773061463303,
        "z": 0.05780867423922285
      }
    },
    "imagined_future": {
      "alpha": -1.5872963267949007,
      "beta": -0.46818750000000114,
      "radius": 0.16,
      "target": {
        "x": -0.887187138019026,
        "y": 0.39119773061463303,
        "z": 0.05780867423922285
      }
    }
  },
  "04": {
    "observed": {
      "alpha": -1.4657963267948968,
      "beta": -1.2229838267948971,
      "radius": 0.987769364153217,
      "target": {
        "x": 0,
        "y": 0,
        "z": 0
      }
    },
    "imagined_first": {
      "alpha": -1.4657963267948968,
      "beta": -1.2229838267948971,
      "radius": 0.987769364153217,
      "target": {
        "x": 0,
        "y": 0,
        "z": 0
      }
    },
    "imagined_future": {
      "alpha": -1.4657963267948968,
      "beta": -1.2229838267948971,
      "radius": 0.987769364153217,
      "target": {
        "x": 0,
        "y": 0,
        "z": 0
      }
    }
  },
  "05": {
    "observed": {
      "alpha": -1.5782963267948966,
      "beta": -0.7342500000000006,
      "radius": 0.9,
      "target": {
        "x": 0,
        "y": 0,
        "z": 0
      }
    },
    "imagined_first": {
      "alpha": -1.5782963267948966,
      "beta": -0.7342500000000006,
      "radius": 0.9,
      "target": {
        "x": 0,
        "y": 0,
        "z": 0
      }
    },
    "imagined_future": {
      "alpha": -1.5782963267948966,
      "beta": -0.7342500000000006,
      "radius": 0.9,
      "target": {
        "x": 0,
        "y": 0,
        "z": 0
      }
    }
  },
  "06": {
    "observed": {
      "alpha": -1.5707963267948966,
      "beta": -1.114999999999999,
      "radius": 1.360740762681356,
      "target": {
        "x": 0,
        "y": 0,
        "z": 0
      }
    },
    "imagined_first": {
      "alpha": -1.5707963267948966,
      "beta": -1.114999999999999,
      "radius": 1.360740762681356,
      "target": {
        "x": 0,
        "y": 0,
        "z": 0
      }
    },
    "imagined_future": {
      "alpha": -1.5707963267948966,
      "beta": -1.114999999999999,
      "radius": 1.360740762681356,
      "target": {
        "x": 0,
        "y": 0,
        "z": 0
      }
    }
  },
  "07": {
    "observed": {
      "alpha": -1.5707963267948966,
      "beta": -0.4114999999999999,
      "radius": 1.0854520503862364,
      "target": {
        "x": 0,
        "y": 0,
        "z": 0
      }
    },
    "imagined_first": {
      "alpha": -1.5707963267948966,
      "beta": -0.3813125,
      "radius": 1.789913894582859,
      "target": {
        "x": 0,
        "y": 0,
        "z": 0
      }
    },
    "imagined_future": {
      "alpha": -1.5707963267948966,
      "beta": -0.4114999999999999,
      "radius": 1.0854520503862364,
      "target": {
        "x": 0,
        "y": 0,
        "z": 0
      }
    }
  },
  "08": {
    "observed": {
      "alpha": -1.5707963267948966,
      "beta": -0.75,
      "radius": 0.9,
      "target": {
        "x": 0,
        "y": 0,
        "z": 0
      }
    },
    "imagined_first": {
      "alpha": -1.6195463267948964,
      "beta": -0.5925000000000006,
      "radius": 1.0860116547578205,
      "target": {
        "x": 0,
        "y": 0,
        "z": 0
      }
    },
    "imagined_future": {
      "alpha": -1.5707963267948966,
      "beta": -0.75,
      "radius": 0.9,
      "target": {
        "x": 0,
        "y": 0,
        "z": 0
      }
    }
  },
  "09": {
    "observed": {
      "alpha": -1.5707963267948966,
      "beta": -0.75,
      "radius": 0.9,
      "target": {
        "x": 0,
        "y": 0,
        "z": 0
      }
    },
    "imagined_first": {
      "alpha": -1.5895463267948966,
      "beta": -0.8484375,
      "radius": 1.7125568018339532,
      "target": {
        "x": 0,
        "y": 0,
        "z": 0
      }
    },
    "imagined_future": {
      "alpha": -1.5707963267948966,
      "beta": -0.75,
      "radius": 0.9,
      "target": {
        "x": 0,
        "y": 0,
        "z": 0
      }
    }
  },
  "10": {
    "observed": {
      "alpha": -1.5707963267948966,
      "beta": -0.75,
      "radius": 2.307950446041579,
      "target": {
        "x": 0,
        "y": 0,
        "z": 0
      }
    },
    "imagined_first": {
      "alpha": -1.5707963267948966,
      "beta": -0.75,
      "radius": 2.307950446041579,
      "target": {
        "x": 0,
        "y": 0,
        "z": 0
      }
    },
    "imagined_future": {
      "alpha": -1.5707963267948966,
      "beta": -0.75,
      "radius": 2.307950446041579,
      "target": {
        "x": 0,
        "y": 0,
        "z": 0
      }
    }
  },
  "11": {
    "observed": {
      "alpha": -1.5707963267948966,
      "beta": -0.75,
      "radius": 1.8087170647959818,
      "target": {
        "x": 0,
        "y": 0,
        "z": 0
      }
    },
    "imagined_first": {
      "alpha": -1.5707963267948966,
      "beta": -0.75,
      "radius": 1.8087170647959818,
      "target": {
        "x": 0,
        "y": 0,
        "z": 0
      }
    },
    "imagined_future": {
      "alpha": -1.5707963267948966,
      "beta": -0.75,
      "radius": 1.8087170647959818,
      "target": {
        "x": 0,
        "y": 0,
        "z": 0
      }
    }
  },
  "12": {
    "observed": {
      "alpha": -1.5707963267948966,
      "beta": -0.6410625,
      "radius": 1.2058558672239723,
      "target": {
        "x": 0,
        "y": 0,
        "z": 0
      }
    },
    "imagined_first": {
      "alpha": -1.5707963267948966,
      "beta": -0.6410625,
      "radius": 1.2058558672239723,
      "target": {
        "x": 0,
        "y": 0,
        "z": 0
      }
    },
    "imagined_future": {
      "alpha": -1.5707963267948966,
      "beta": -0.6410625,
      "radius": 1.2058558672239723,
      "target": {
        "x": 0,
        "y": 0,
        "z": 0
      }
    }
  }
}
